
{
    "Data":[
                {
                    "label":" Dora Kids Wear",
                    "imgpath":"assets/images/cardimg/kidsbaby/babycloth/cb1.jpeg",
                    "offer":"50% Off",
                    "model":"Dora Kids Wear",
                    "price":"123",
                    "rating":"3",
                    "desc":"Everything For Your Lil' One.Get The Best Baby Products From A Trusted Brand."
                },

                {
                    "label":"Old Navy Kids Wear ",
                    "imgpath":"assets/images/cardimg/kidsbaby/babycloth/cb2.jpeg",
                    "offer":"70% Off",
                    "model":"Old Navy Kids Wear",
                    "price":"299",
                    "rating":"4",
                    "desc":"Everything For Your Lil' One.Get The Best Baby Products From A Trusted Brand. "
                },
                {
                    "label":" Joy Kids Wear",
                    "imgpath":"assets/images/cardimg/kidsbaby/babycloth/cb3.jpeg",
                    "offer":"50% Off",
                    "model":"Joy Kids Wear",
                    "price":"345",
                    "rating":"2",
                    "desc":"Everything For Your Lil' One.Get The Best Baby Products From A Trusted Brand."
                },

                {
                    "label":"Old Class Kids Wear ",
                    "imgpath":"assets/images/cardimg/kidsbaby/babycloth/cb4.jpeg",
                    "offer":"70% Off",
                    "model":"Old Class Kids Wear",
                    "price":"399",
                    "rating":"4",
                    "desc":"Everything For Your Lil' One.Get The Best Baby Products From A Trusted Brand. "
                },
                {
                    "label":" Place Kids Wear",
                    "imgpath":"assets/images/cardimg/kidsbaby/babycloth/cb15.jpeg",
                    "offer":"50% Off",
                    "model":"Place Kids Wear",
                    "price":"299",
                    "rating":"5",
                    "desc":"Everything For Your Lil' One.Get The Best Baby Products From A Trusted Brand."
                },

                {
                    "label":"IZOD kids Wear ",
                    "imgpath":"assets/images/cardimg/kidsbaby/babycloth/cb6.jpeg",
                    "offer":"70% Off",
                    "model":"IZOD kids Wear",
                    "price":"99",
                    "rating":"3",
                    "desc":"Everything For Your Lil' One.Get The Best Baby Products From A Trusted Brand. "
                },
                {
                    "label":" FUB Kids Wear",
                    "imgpath":"assets/images/cardimg/kidsbaby/babycloth/cb7.jpeg",
                    "offer":"50% Off",
                    "model":"FUB Kids Wear",
                    "price":"499",
                    "rating":"5",
                    "desc":"Everything For Your Lil' One.Get The Best Baby Products From A Trusted Brand."
                },

                {
                    "label":" Bock Kids Wear ",
                    "imgpath":"assets/images/cardimg/kidsbaby/babycloth/cb8.jpeg",
                    "offer":"70% Off",
                    "model":"Bock  Kids Wear",
                    "price":"599",
                    "rating":"4.5",
                    "desc":"Everything For Your Lil' One.Get The Best Baby Products From A Trusted Brand. "
                },
                {
                    "label":" Care Kids Wear",
                    "imgpath":"assets/images/cardimg/kidsbaby/babycloth/cb9.jpeg",
                    "offer":"50% Off",
                    "model":"Care Kids Wear",
                    "price":"699",
                    "rating":"2",
                    "desc":"Everything For Your Lil' One.Get The Best Baby Products From A Trusted Brand."
                },

                {
                    "label":"Gap Kids Wear ",
                    "imgpath":"assets/images/cardimg/kidsbaby/babycloth/cb10.jpeg",
                    "offer":"70% Off",
                    "model":"Gap Kids Wear",
                    "price":"343",
                    "rating":"4",
                    "desc":"Everything For Your Lil' One.Get The Best Baby Products From A Trusted Brand. "
                },
                {
                    "label":" Mini Kids Wear",
                    "imgpath":"assets/images/cardimg/kidsbaby/babycloth/cb11.jpeg",
                    "offer":"50% Off",
                    "model":"Mini Kids Wear",
                    "price":"234",
                    "rating":"2",
                    "desc":"Everything For Your Lil' One.Get The Best Baby Products From A Trusted Brand."
                },

                {
                    "label":"Puma Kids Wear ",
                    "imgpath":"assets/images/cardimg/kidsbaby/babycloth/cb12.jpeg",
                    "offer":"70% Off",
                    "model":"Puma Kids Wear",
                    "price":"567",
                    "rating":"4.5",
                    "desc":"Everything For Your Lil' One.Get The Best Baby Products From A Trusted Brand. "
                },
                {
                    "label":" Zara Kids Wear",
                    "imgpath":"assets/images/cardimg/kidsbaby/babycloth/cb13.jpeg",
                    "offer":"50% Off",
                    "model":"Zara Kids Wear",
                    "price":"345",
                    "rating":"5",
                    "desc":"Everything For Your Lil' One.Get The Best Baby Products From A Trusted Brand."
                },

                {
                    "label":"Xea Kids Wear ",
                    "imgpath":"assets/images/cardimg/kidsbaby/babycloth/cb14.jpeg",
                    "offer":"70% Off",
                    "model":"Xea Kids Wear",
                    "price":"234",
                    "rating":"2",
                    "desc":"Everything For Your Lil' One.Get The Best Baby Products From A Trusted Brand. "
                },
                {
                    "label":" Kitty Kids Wear",
                    "imgpath":"assets/images/cardimg/kidsbaby/babycloth/cb15.jpeg",
                    "offer":"50% Off",
                    "model":"Kitty Kids Wear",
                    "price":"567",
                    "rating":"5",
                    "desc":"Everything For Your Lil' One.Get The Best Baby Products From A Trusted Brand."
                },

                {
                    "label":"Mio Kids Wear ",
                    "imgpath":"assets/images/cardimg/kidsbaby/babycloth/cb16.jpeg",
                    "offer":"70% Off",
                    "model":"Mio Kids Wear",
                    "price":"654",
                    "rating":"3",
                    "desc":"Everything For Your Lil' One.Get The Best Baby Products From A Trusted Brand. "
                }


            ]
        }
         