

{
    "Data":[
                {
                    "label":"Ubsan",
                    "imgpath":"assets/images/cardimg/kidsbaby/car/c1.jpeg",
                    "offer":"50% Off",
                    "model":"Ubsan",
                    "price":"199",
                    "rating":"1",
                    "desc":"Toy cars are an important part of growing up years for a child."
                },

                {
                    "label":"Hipe Racing ",
                    "imgpath":"assets/images/cardimg/kidsbaby/car/c2.jpeg",
                    "offer":"70% Off",
                    "model":"Hipe Racing ",
                    "price":"299",
                    "rating":"3",
                    "desc":"Toy cars are an important part of growing up years for a child. "
                },
                {
                    "label":"JD Racing car",
                    "imgpath":"assets/images/cardimg/kidsbaby/car/c3.jpeg",
                    "offer":"50% Off",
                    "model":"JD Racing car",
                    "price":"399",
                    "rating":"2",
                    "desc":"Toy cars are an important part of growing up years for a child."
                },

                {
                    "label":"NFS Racing ",
                    "imgpath":"assets/images/cardimg/kidsbaby/car/c4.jpeg",
                    "offer":"70% Off",
                    "model":"NFS Racing ",
                    "price":"350",
                    "rating":"3.5",
                    "desc":"Toy cars are an important part of growing up years for a child. "
                },
                {
                    "label":"FMS",
                    "imgpath":"assets/images/cardimg/kidsbaby/car/c5.jpeg",
                    "offer":"50% Off",
                    "model":"FMS",
                    "price":"400",
                    "rating":"4.5",
                    "desc":"Toy cars are an important part of growing up years for a child."
                },

                {
                    "label":"SYMA Racing ",
                    "imgpath":"assets/images/cardimg/kidsbaby/car/c6.jpeg",
                    "offer":"70% Off",
                    "model":"SYMA Racing ",
                    "price":"455",
                    "rating":"4",
                    "desc":"Toy cars are an important part of growing up years for a child. "
                },
                {
                    "label":"Speed Racing",
                    "imgpath":"assets/images/cardimg/kidsbaby/car/c7.jpeg",
                    "offer":"50% Off",
                    "model":"Speed Racing",
                    "price":"699",
                    "rating":"3",
                    "desc":"Toy cars are an important part of growing up years for a child."
                },

                {
                    "label":"Mip Racing ",
                    "imgpath":"assets/images/cardimg/kidsbaby/car/c8.jpeg",
                    "offer":"70% Off",
                    "model":"Mip Racing ",
                    "price":"888",
                    "rating":"3.5",
                    "desc":"Toy cars are an important part of growing up years for a child. "
                },
            
                {
                    "label":"Redcat Racing ",
                    "imgpath":"assets/images/cardimg/kidsbaby/car/c9.jpeg",
                    "offer":"70% Off",
                    "model":"Redcat Racing ",
                    "price":"555",
                    "rating":"4",
                    "desc":"Toy cars are an important part of growing up years for a child. "
                },
                {
                    "label":"Redbull",
                    "imgpath":"assets/images/cardimg/kidsbaby/car/c10.jpeg",
                    "offer":"50% Off",
                    "model":"Redbull",
                    "price":"777",
                    "rating":"1.5",
                    "desc":"Toy cars are an important part of growing up years for a child."
                },

                {
                    "label":"Proboot Racing ",
                    "imgpath":"assets/images/cardimg/kidsbaby/car/c11.jpeg",
                    "offer":"70% Off",
                    "model":"Proboot Racing ",
                    "price":"899",
                    "rating":"4",
                    "desc":"Toy cars are an important part of growing up years for a child. "
                },
                {
                    "label":"Ferrari",
                    "imgpath":"assets/images/cardimg/kidsbaby/car/c12.jpeg",
                    "offer":"50% Off",
                    "model":"Ferrari",
                    "price":"677",
                    "rating":"5",
                    "desc":"Toy cars are an important part of growing up years for a child."
                },

                {
                    "label":"Axial Racing ",
                    "imgpath":"assets/images/cardimg/kidsbaby/car/c13.jpeg",
                    "offer":"70% Off",
                    "model":"Axial Racing ",
                    "price":"366",
                    "rating":"5",
                    "desc":"Toy cars are an important part of growing up years for a child. "
                },
                {
                    "label":"Rc corner Racing",
                    "imgpath":"assets/images/cardimg/kidsbaby/car/c15.jpeg",
                    "offer":"50% Off",
                    "model":"Rc corner Racing ",
                    "price":"369",
                    "rating":"3.5",
                    "desc":"Toy cars are an important part of growing up years for a child."
                },

                {
                    "label":"Force Racing ",
                    "imgpath":"assets/images/cardimg/kidsbaby/car/c16.jpeg",
                    "offer":"70% Off",
                    "model":"force Racing ",
                    "price":"777",
                    "rating":"5",
                    "desc":"Toy cars are an important part of growing up years for a child. "
                },

                {
                    "label":"MTA Racing ",
                    "imgpath":"assets/images/cardimg/kidsbaby/car/c3.jpeg",
                    "offer":"70% Off",
                    "model":"MTA Racing ",
                    "price":"456",
                    "rating":"3",
                    "desc":"Toy cars are an important part of growing up years for a child. "
                }
            ]
        }
