{
    "Data":[
                {
                    "label":" Godrej RD EDGESX",
                    "imgpath":"assets/images/cardimg/electronics/godrejref/r1.jpeg",
                    "offer":"50% Off",
                    "model":"Godrej RD EDGESX",
                    "price":"20000",
                    "rating":"3.5",
                    "desc":"Keeping your food fresh and clean is extremely easy with Godrej refrigerators ."
                },

                {
                    "label":"Godrej 185 L ",
                    "imgpath":"assets/images/cardimg/electronics/godrejref/r12.jpeg",
                    "offer":"70% Off",
                    "model":"Godrej 185 L",
                    "price":"21000",
                    "rating":"2.5",
                    "desc":"Keeping your food fresh and clean is extremely easy with Godrej refrigerators ."
                },

                {
                    "label":"Godrej 236 L  ",
                    "imgpath":"assets/images/cardimg/electronics/godrejref/r3.jpeg",
                    "offer":"40% Off",
                    "model":"Godrej 236 L",
                    "price":"22000",
                    "rating":"2",
                    "desc":"Keeping your food fresh and clean is extremely easy with Godrej refrigerators."
                },

                {
                    "label":"Godrej 255 L",
                    "imgpath":"assets/images/cardimg/electronics/godrejref/r4.jpeg",
                    "offer":"30% Off",
                    "model":"Godrej 255 L",
                    "price":"23000",
                    "rating":"3",
                    "desc":"Keeping your food fresh and clean is extremely easy with Godrej refrigerators ."
                },
                {
                    "label":" Godrej RD ultra",
                    "imgpath":"assets/images/cardimg/electronics/godrejref/r5.jpeg",
                    "offer":"50% Off",
                    "model":" Godrej RD ultra",
                    "price":"24000",
                    "rating":"4",
                    "desc":"Keeping your food fresh and clean is extremely easy with Godrej refrigerators."
                },

                {
                    "label":"Godrej 190 p ",
                    "imgpath":"assets/images/cardimg/electronics/godrejref/r6.jpeg",
                    "offer":"70% Off",
                    "model":"Godrej 190 p",
                    "price":"25000",
                    "rating":"1.5",
                    "desc":"Keeping your food fresh and clean is extremely easy with Godrej refrigerators ."
                },

                {
                    "label":"Godrej 240 k  ",
                    "imgpath":"assets/images/cardimg/electronics/godrejref/r7.jpeg",
                    "offer":"40% Off",
                    "model":"Godrej 240 k",
                    "price":"26000",
                    "rating":"2",
                    "desc":"Keeping your food fresh and clean is extremely easy with Godrej refrigerators ."
                },

                {
                    "label":"Godrej 178 p",
                    "imgpath":"assets/images/cardimg/electronics/godrejref/r8.jpeg",
                    "offer":"30% Off",
                    "model":"Godrej 178 p",
                    "price":"27000",
                    "rating":"3",
                    "desc":"Keeping your food fresh and clean is extremely easy with Godrej refrigerators."
                },
                {
                    "label":" Godrej KD ultra",
                    "imgpath":"assets/images/cardimg/electronics/godrejref/r9.jpeg",
                    "offer":"50% Off",
                    "model":" Godrej KD ultra",
                    "price":"28000",
                    "desc":"Keeping your food fresh and clean is extremely easy with Godrej refrigerators."
                },

                {
                    "label":"Godrej 190 q ",
                    "imgpath":"assets/images/cardimg/electronics/godrejref/r10.jpeg",
                    "offer":"70% Off",
                    "model":"Godrej 190 q",
                    "price":"29000",
                    "rating":"2",
                    "desc":"Keeping your food fresh and clean is extremely easy with Godrej refrigerators ."
                },

                {
                    "label":"Godrej 240 s  ",
                    "imgpath":"assets/images/cardimg/electronics/godrejref/r11.jpeg",
                    "offer":"40% Off",
                    "model":"Godrej 240 s",
                    "price":"30000",
                    "rating":"3",
                    "desc":"Keeping your food fresh and clean is extremely easy with Godrej refrigerators ."
                },

                {
                    "label":"Godrej 178 BN",
                    "imgpath":"assets/images/cardimg/electronics/godrejref/r12.jpeg",
                    "offer":"30% Off",
                    "model":"Godrej 178 BN",
                    "price":"31000",
                    "rating":"2",
                    "desc":"Keeping your food fresh and clean is extremely easy with Godrej refrigerators."
                },
                {
                    "label":" Godrej NEW ultra",
                    "imgpath":"assets/images/cardimg/electronics/godrejref/r13.jpeg",
                    "offer":"50% Off",
                    "model":" Godrej NEW ultra",
                    "price":"32000",
                    "rating":"2.5",
                    "desc":"Keeping your food fresh and clean is extremely easy with Godrej refrigerators."
                },

                {
                    "label":"Godrej KRE ",
                    "imgpath":"assets/images/cardimg/electronics/godrejref/r14.jpeg",
                    "offer":"70% Off",
                    "model":"Godrej KRE",
                    "price":"33000",
                    "rating":"3",
                    "desc":"Keeping your food fresh and clean is extremely easy with Godrej refrigerators ."
                },

                {
                    "label":"Godrej 211 g  ",
                    "imgpath":"assets/images/cardimg/electronics/godrejref/r15.jpeg",
                    "offer":"40% Off",
                    "model":"Godrej 211 g",
                    "price":"34000",
                    "rating":"3.5",
                    "desc":"Keeping your food fresh and clean is extremely easy with Godrej refrigerators ."
                },

                {
                    "label":"Godrej new look",
                    "imgpath":"assets/images/cardimg/electronics/godrejref/r11.jpeg",
                    "offer":"30% Off",
                    "model":"Godrej new look",
                    "price":"35000",
                    "rating":"4",
                    "desc":"Keeping your food fresh and clean is extremely easy with Godrej refrigerators."
                }
                
                
                
                


            ]
}
