{
    "Data":[
        
             {
                 "label":"Cannon Camera",
                 "imgpath":"assets/images/products/electronics/e5.jpg",
                 "offer":"20% Off",
                 "model":"cannon",
                 "price":"4567",
                 "desc":"Canon DSLRs are designed to offer a superior photography experience.20.1 MegaPixel",
                 "rating":"3.5"
             },
             {
                 "label":"Nikon Camera",
                 "imgpath":"assets/images/products/electronics/e6.jpg",
                 "offer":"45% Off",
                 "model":"Nikon",
                 "price":"16789",
                 "desc":"Pursue incredible moments with the intuitive DX-format D7500. Designed to be agile, the D7500 packs a 20.9-megapixel ",
                 "rating":"4.5"
             },
             {
                 "label":"Canon Camera",
                 "imgpath":"assets/images/products/electronics/e7.jpg",
                 "offer":"67% Off",
                 "model":"Canon",
                 "price":"34000",
                 "desc":"Canon DSLRs are designed to offer a superior photography experience.70x ",
                 "rating":"5"
             },
             {
                 "label":"Fujifilm Camera",
                 "imgpath":"assets/images/products/electronics/e8.jpg",
                 "offer":"56% Off",
                 "model":"Fujifilm",
                 "price":"23457",
                 "desc":"Fujifilm announces the launch of the elite FUJIFILM X-H1, the most high performance camera ",
                 "rating":"4.5"
             }
           ]
}
