{
    "Data":[
             {
                 "imgpath":"assets/images/images/s1.png",
                 "label":"Product:Health Insurance Cover:9,00,000 Primium:21,240(yearly)",
                 "offer":"Policy_Issued Booking_ID:538290"
               
                 
             },
             {
                "imgpath":"assets/images/images/s1.png",
                 "label":"Product:Health Insurance Cover:70,000 Primium:21,360(yearly)",
                 "offer":"Policy_Issued Booking_ID:508890"
               
                 
             },
             {
                 "imgpath":"assets/images/images/s1.png",
                 "label":"Product:Health Insurance Cover:95,00,000 Primium:21,340(yearly)",
                 "offer":"Policy_Issued Booking_ID:128420"
               
                 
             },
             {
                "imgpath":"assets/images/images/a1.png",
                 "label":"Product:Health Insurance Cover:30,000 Primium:21,120(yearly)",
                 "offer":"Policy_Issued Booking_ID:123456"
               
                 
             },
             {
                 "imgpath":"assets/images/images/a1.png",
                 "label":"Product:Health Insurance Cover:52,00,000 Primium:21,560(yearly)",
                 "offer":"Policy_Issued Booking_ID:123920"
               
                 
             },
             {
                "imgpath":"assets/images/images/a1.png",
                 "label":"Product:Health Insurance Cover:31,000 Primium:21,080(yearly)",
                 "offer":"Policy_Issued Booking_ID:008900"
               
                 
             }
             
             
            ]
        }
             