{
    "Data":[
                {
                    "label":"Onida",
                    "imgpath":"assets/images/products/home/h1.jpg",
                    "offer":"50% Off",
                    "model":"Onida",
                    "desc":"Stainless steel baffle filter work efficiently forcing oil & other residues to get settled inside the baffle, ",
                    "rating":"3",
                    "price":"7000"
                },

                {
                    "label":"JBL",
                    "imgpath":"assets/images/products/home/h2.jpg",
                    "offer":"70% Off",
                    "model":"JBL",
                    "desc":"JBL makes the sickest headphones, earbuds, gaming headsets, speakers & more",
                    "rating":"3.5",
                    "price":"299"
                },

                {
                    "label":"LG",
                    "imgpath":"assets/images/products/home/h3.jpg",
                    "offer":"40% Off",
                    "model":"Kelvinator",
                    "desc":"Whether it's a small or big fridge, LG has the best food storage solution for you.",
                    "rating":"4",
                    "price":"21000"
                },

                {
                    "label":"Motorola",
                    "imgpath":"assets/images/products/home/h4.jpg",
                    "offer":"30% Off",
                    "model":"Motorola",
                    "desc":"Meet the all-new Moto G5. Crafted in all-metal, this stylish smartphone will keep you up-to-date in fashion",
                   "rating":"4.5",
                    "price":"6999"
                }

            ]
}
