[
  {
    "text": "APPLIANCE",
    "icon": "fa fa-simplybuilt",
    "expand":true,
    "children": [

      {
        "text": "Kids Store",
        "expand":true,
        "icon": "fa fa-child",
        "children": [
          {
            "text": "Remote Car",
            "routeLink": "kids/remoteCar",
            "icon": "fa fa-car",
            "key":"remoteCar"
          },
          {
            "text": "Teddy",
            "routeLink": "kids/teddy",
            "icon": "fa fa-odnoklassniki",
            "key":"teddy"
          }
        ]
      },
      {
        "text": "Baby store",
        "expand":true,
        "icon": "fa fa-github-alt",
        "children": [
          {
            "text": "Baby Cloth",
            "routeLink": "kids/babyCloth",
            "icon": "fa fa-shirtsinbulk",
            "key":"babyCloth"
          },
          {
            "text": "Baby Care",
            "routeLink": "kids/babyCare",
            "icon": "fa fa-leaf",
            "key":"babyCare"
          }
        ]
      }
    ]
  }
]