{
    "Data":[
             {
                 "key":"lg",
                 "value":"assets/data/childjson/ele/lgtv.json"
             },
             {
                 "key":"Sony",
                 "value":"assets/data/childjson/ele/sonytv.json"
             },
             {
                 "key":"Godrej",
                 "value":"assets/data/childjson/ele/godrejRef.json"
             },
             {
                 "key":"Samsung",
                 "value":"assets/data/childjson/ele/samsungRef.json"
             },
             {
                 "key":"babyCare",
                 "value":"assets/data/childjson/kids/babyCare.json"
             },
             {
                 "key":"remoteCar",
                 "value":"assets/data/childjson/kids/remoteCar.json"
             },
             {
                 "key":"babyCloth",
                 "value":"assets/data/childjson/kids/babyCloth.json"
             },
             {
                 "key":"teddy",
                 "value":"assets/data/childjson/kids/teddy.json"
             }
           ]
}