{
    "Data":[
             {
                 "label":"Baby Towel",
                 "imgpath":"assets/images/products/kids/k5.jpg",
                 "offer":"80 % Off",
                 "model":"Baby Towel",
                 "price":"499",
                 "desc":"Soft cloth,My baby enjoys the fruits and bunny design on the mat.. Its very light in weight as well.",
                 "rating":"3.5"
             },
             {
                 "label":"Educational Chart",
                 "imgpath":"assets/images/products/kids/k6.jpg",
                 "offer":"60% Off ",
                 "model":"ducational Chart",
                 "price":"99",
                 "desc":"Alphbets and Numeric Concepts,Education's colorful school posters are excellent learning and teaching tools",
                 "rating":"4"
             },
             {
                 "label":"Tiffin Box",
                 "imgpath":"assets/images/products/kids/k7.jpg",
                 "offer":"45% Off",
                 "model":"Tiffin Box",
                 "price":"67",
                 "desc":"Red Color , practical, just the thing for taking snacks to work or for school packed lunches.",
                 "rating":"4.5"
             },
             {
                 "label":"Stationy Pens Set",
                 "imgpath":"assets/images/products/kids/k8.jpg",
                 "offer":"45% Off",
                 "model":"Stationy Pens Set",
                 "price":"399",
                 "desc":"All color Pens,Super smooth Writing gel pen in 0.7mm Metal Tip. High quality material and original",
                 "rating":"5"
                 
             }
           ]
}
